﻿<?xml version="1.0" encoding="utf-8"?>
<Patch>
  <!--================================ patches for fences ======================================-->
  <Operation Class="PatchOperationSequence">
    <success>Always</success>
    <operations>
      <li Class="PatchOperationTest">
        <xpath>/Defs/ThingDef[defName = "Chainlink"]</xpath>
      </li>
      <li Class="PatchOperationAdd">
        <xpath>/Defs/ThingDef[defName = "Chainlink"]</xpath>
        <value>
          <researchPrerequisites>
            <li>Machining</li>
          </researchPrerequisites>
        </value>
      </li>
    </operations>
  </Operation>
  <Operation Class="PatchOperationSequence">
    <success>Always</success>
    <operations>
      <li Class="PatchOperationTest">
        <xpath>/Defs/ThingDef[defName = "ChainlinkGateHori"]</xpath>
      </li>
      <li Class="PatchOperationAdd">
        <xpath>/Defs/ThingDef[defName = "ChainlinkGateHori"]</xpath>
        <value>
          <researchPrerequisites>
            <li>Machining</li>
          </researchPrerequisites>
        </value>
      </li>
    </operations>
  </Operation>
  <Operation Class="PatchOperationSequence">
    <success>Always</success>
    <operations>
      <li Class="PatchOperationTest">
        <xpath>/Defs/ThingDef[defName = "TallChainLink"]</xpath>
      </li>
      <li Class="PatchOperationAdd">
        <xpath>/Defs/ThingDef[defName = "TallChainLink"]</xpath>
        <value>
          <researchPrerequisites>
            <li>Machining</li>
          </researchPrerequisites>
        </value>
      </li>
    </operations>
  </Operation>
  <Operation Class="PatchOperationSequence">
    <success>Always</success>
    <operations>
      <li Class="PatchOperationTest">
        <xpath>/Defs/ThingDef[defName = "TallChainlinkGate"]</xpath>
      </li>
      <li Class="PatchOperationAdd">
        <xpath>/Defs/ThingDef[defName = "TallChainlinkGate"]</xpath>
        <value>
          <researchPrerequisites>
            <li>Machining</li>
          </researchPrerequisites>
        </value>
      </li>
    </operations>
  </Operation>
</Patch>