﻿<?xml version="1.0" encoding="utf-8"?>
<Patch>
  <Operation Class="PatchOperationSequence">
    <success>Always</success>
    <operations>
      <li Class="PatchOperationTest">
        <xpath>/Defs/ThingDef[defName="RebuiltLamppost"]</xpath>
      </li>
      <li Class="PatchOperationReplace">
        <success>Always</success>
        <xpath>/Defs/ThingDef[defName="RebuiltLamppost"]/designationCategory</xpath>
        <value>
          <designationCategory>Lights</designationCategory>
        </value>
      </li>
    </operations>
  </Operation>
</Patch>