﻿<?xml version="1.0" encoding="utf-8"?>
<Patch>
  <Operation Class="PatchOperationSequence">
    <success>Always</success>
    <operations>
      <li Class="PatchOperationTest">
        <xpath>/Defs/ThingDef[defName="PRF_WallLight" or defName="PRF_IndustrialLamp"]</xpath>
      </li>
      <li Class="PatchOperationReplace">
        <success>Always</success>
        <xpath>/Defs/ThingDef[defName="PRF_WallLight" or defName="PRF_IndustrialLamp"]</xpath>
        <value>
          <designationCategory>Lights</designationCategory>
        </value>
      </li>
    </operations>
  </Operation>
  <Operation Class="PatchOperationSequence">
    <success>Always</success>
    <operations>
      <li Class="PatchOperationTest">
        <xpath>/Defs/ThingDef[@Name="PRFMassStorageBase"]</xpath>
      </li>
      <li Class="PatchOperationReplace">
        <success>Always</success>
        <xpath>/Defs/ThingDef[@Name="PRFMassStorageBase"]/designationCategory</xpath>
        <value>
          <designationCategory>FurnitureStorage</designationCategory>
        </value>
      </li>
    </operations>
  </Operation>
  <Operation Class="PatchOperationSequence">
    <success>Always</success>
    <operations>
      <li Class="PatchOperationTest">
        <xpath>/Defs/ThingDef[@Name="PRF_FloorSign"]</xpath>
      </li>
      <li Class="PatchOperationReplace">
        <success>Always</success>
        <xpath>/Defs/ThingDef[@Name="PRF_FloorSign"]/designationCategory</xpath>
        <value>
          <designationCategory>Floors</designationCategory>
        </value>
      </li>
    </operations>
  </Operation>
  <Operation Class="PatchOperationSequence">
    <success>Always</success>
    <operations>
      <li Class="PatchOperationTest">
        <xpath>/Defs/TerrainDef[@Name="FloorBase_prf"]</xpath>
      </li>
      <li Class="PatchOperationReplace">
        <success>Always</success>
        <xpath>/Defs/TerrainDef[@Name="FloorBase_prf"]/designationCategory</xpath>
        <value>
          <designationCategory>Floors</designationCategory>
        </value>
      </li>
    </operations>
  </Operation>
</Patch>